pressure (bar),fugacity (bar),⟨N⟩ (mmol/g)
0,0,0
0.01,0.009999398,1.053010546
0.020883071,0.020880444,1.236018889
0.043610268,0.043598811,1.345447761
0.091071633,0.091021676,1.408437235
0.190185543,0.189967714,1.426539059
0.39716583,0.396216207,1.438262955
0.829404242,0.825265966,1.448682229
1.732050808,1.714031393,1.450166099
3.617054085,3.538721221,1.452570325
7.553519906,7.214145817,1.451151088
15.77406962,14.31358374,1.460440844
32.94110237,26.73071567,1.453576968
68.7911396,42.29177379,1.454928442
143.6570286,53.26658441,1.466646928
300,76.8226935,1.461591972
