"atom","sigma(A)","epsilon(K)"
"Xe",3.949,226.14
"N",3.26256,38.95319577
"C",3.47299,47.86109713
"H",2.84642,7.649723201
"O",3.03315,48.16305989
"B",3.581,47.811
"Si",3.80414,156.0140916
"Ca",3.09320,25.16356316
"S",3.59032,173.1253145
## taken from UFF b/c Ni not available in Dreiding
"Ni",2.5248069672097215,7.5482955042955835
## Xe data from Rutkai et al. DOI: 10.1080/00268976.2016.1246760
## Everything else from Mayo et al. DOI: 10.1021/j100389a010 (Dreiding)
