"atom","sigma(A)","epsilon(K)"
# from Rutkai et al. DOI: 10.1080/00268976.2016.1246760
"Xe",3.949,226.14
# from Mayo et al. DOI: 10.1021/j100389a010 (Dreiding)
"C",3.47299,47.86109713
"H",2.84642,7.649723201
"O",3.03315,48.16305989
"B",3.581,47.811
"Si",3.80414,156.0140916
