pressure (bar),fugacity (bar),⟨N⟩ (mmol/g)
0.01,0.009999397480611565,0.01872024208285572
0.020883071495453532,0.020880443941259704,0.038874379887419576
0.043610267508422354,0.04359880912029137,0.08244540314985516
0.09107163343142381,0.0910216671551933,0.1728194953577835
0.19018554321561587,0.18996767591585886,0.3692783706985887
0.3971658296373372,0.3962160408789776,0.7883621598038518
0.8294042415867628,0.8252652449053758,1.806222437166662
1.7320508075688776,1.7140282661872461,4.424132894567368
3.6170540848218886,3.5387077351663834,13.893388462069806
7.553519905625772,7.214088345342645,24.759296094661728
15.77406962315144,14.313345128410026,29.350286608206098
32.941102371453304,26.729782362890482,31.67643229624537
68.79113959621132,42.28967523432269,33.08873384761258
143.65702864414055,53.27146499340962,33.75219051300337
300.0000000000001,76.84139259594592,34.565265367480556
